"","V1","V2","V3","V4","V5","V6","V7","V8","V9"
"1",0.954668734402623,2.63168634443498e-07,2.22223550302918e-07,6.66718235015139e-09,0.000272804992591919,0.338975049255965,0.000383002012380281,0.00567324053800087,1.62748927807577e-05
"2",0.445111407116209,6.11914330690061e-07,6.06217265740474e-13,7.03809935455552e-05,2.6486255106632e-05,0.00531248905882732,1.67074267788862e-09,0.0192135259699936,1.89752496678672e-06
"3",6.71767222205425e-34,0.000156438156264425,0.993502902554746,0.395560554637638,0.0957065241559413,1.18103803810082e-15,0.165030160666839,0.0286982786939314,0.0539629935308791
"4",0.417386741532441,0.000572138313683404,1.37362605947731e-05,4.42728498986816e-07,0.039580683594226,0.723582281645381,5.68139680370086e-13,0.149032333636324,0.0126545324142711
"5",0.0314630712198203,0.134925352868631,0.260322837860441,0.170162029760433,0.944198133157607,0.85357951274798,4.12111179661046e-07,0.166366502375805,0.860940963789901
"6",0.613242802558185,0.54173100113421,0.900289563277237,0.99940928139566,0.00595945316297506,0.227490687102819,0.918762207405778,0.427703904714092,1.37669179405411e-05
"7",0.00263823760375879,6.46007077260136e-18,4.57792569249166e-16,1.44134601283837e-15,1.58490198710965e-10,0.00129791914891072,0.0283882594809075,3.64313775930542e-07,1.04427220613621e-05
"8",0.442277442744502,2.54970252717372e-16,5.90881584769777e-28,4.89392092595294e-10,1.31007829357388e-13,0.000657801812404173,2.9281348140885e-12,7.91653288819903e-18,1.10681748267519e-12
"9",0.179257173619638,6.78012138175871e-05,7.2412795069581e-06,0.23662906751977,1.41336949554498e-07,0.000451337926816914,0.804906507204399,0.00020150673641104,1.79367101849701e-07
"10",0.963772987902397,0.335849390353465,0.209058027225424,0.632266883793986,0.251815264037844,0.842837176758149,0.0335451782539813,0.312237348061627,0.141844250305012
"11",2.84269550226146e-23,0.00140442525308891,0.524692640925958,1.37490851351955e-05,0.331320574940177,4.08920943220689e-25,0.93473750498563,0.746279119645452,0.160113281926377
"12",5.73187759559263e-22,4.03148141951032e-15,6.12655539588217e-08,3.77772939243152e-21,0.00642498197506755,4.01518484565568e-39,0.767061272925496,5.97337982702292e-05,0.954071837076349
"13",4.27856100716884e-51,8.26334169944462e-12,0.000556899132032253,1.05537037254567e-13,0.0414594041923936,6.14874540112041e-60,0.556995189394213,0.0312876952917535,0.00104701034002504
