"miRNA","gene_id.x","gene_symbol","gene_class","microrna","seed_pos","seed_type","repeat.","total_cons_.","primates_cons_.","mammals_cons_.","vertebrates_cons_.","tr_region","gene_id.y","log2FoldChange","log2CPM","PValue","FDR","up_down"
"hsa-mir-100","ENSG00000152931.6","PART1","lncRNA, overlapping","100","chr5:59841937","7-mer-A1",0,4,22,0,0,"ncRNA,","hsa-mir-100",-1.25339040317965,11.9254499719141,9.42505542933988e-12,4.02895226594859e-11,"Down"
"hsa-mir-122","ENSG00000244124.1","ATP1B3-AS1","lncRNA, overlapping","miR-122","chr3:141637171","7-mer-A1",0,4,22,0,0,"ncRNA,","hsa-mir-122",3.65460027579077,3.11802820834802,6.91793182556191e-05,0.000126341571837727,"Up"
"hsa-mir-122","ENSG00000099869.6","IGF2-AS","coding","miR-122","chr11:2167911","7-mer-m8",0,9,44,0,0,"3pUTR,","hsa-mir-122",3.65460027579077,3.11802820834802,6.91793182556191e-05,0.000126341571837727,"Up"
"hsa-mir-122","ENSG00000227051.4","C14orf132","coding","miR-122","chr14:96556698","7-mer-A1",1,11,56,0,0,"5pUTR,","hsa-mir-122",3.65460027579077,3.11802820834802,6.91793182556191e-05,0.000126341571837727,"Up"
"hsa-mir-122","ENSG00000230876.2","LINC00486","lncRNA, intergenic","miR-122","chr2:33066187","7-mer-A1",1,11,56,0,0,"ncRNA,","hsa-mir-122",3.65460027579077,3.11802820834802,6.91793182556191e-05,0.000126341571837727,"Up"
"hsa-mir-122","ENSG00000258492.1","KCNQ1OT1","lncRNA, overlapping","miR-122","chr11:2715130","8-mer",0,11,56,0,0,"ncRNA,","hsa-mir-122",3.65460027579077,3.11802820834802,6.91793182556191e-05,0.000126341571837727,"Up"
"hsa-mir-122","ENSG00000230937.3","MIR205HG","other","miR-122","chr1:209603843","8-mer",0,36,78,39,0,"ncRNA,","hsa-mir-122",3.65460027579077,3.11802820834802,6.91793182556191e-05,0.000126341571837727,"Up"
"hsa-mir-122","ENSG00000258492.1","KCNQ1OT1","lncRNA, overlapping","miR-122","chr11:2698015","7-mer-A1",0,9,44,0,0,"ncRNA,","hsa-mir-122",3.65460027579077,3.11802820834802,6.91793182556191e-05,0.000126341571837727,"Up"
"hsa-mir-122","ENSG00000152931.6","PART1","lncRNA, overlapping","miR-122","chr5:59843410","7-mer-A1",1,11,56,0,0,"ncRNA,","hsa-mir-122",3.65460027579077,3.11802820834802,6.91793182556191e-05,0.000126341571837727,"Up"
"hsa-mir-122","ENSG00000214049.3","UCA1","lncRNA, intergenic","miR-122","chr19:15945626","7-mer-m8",0,7,33,0,0,"ncRNA,","hsa-mir-122",3.65460027579077,3.11802820834802,6.91793182556191e-05,0.000126341571837727,"Up"
"hsa-mir-122","ENSG00000099869.6","IGF2-AS","coding","miR-122","chr11:2167835","8-mer",0,9,44,0,0,"3pUTR,","hsa-mir-122",3.65460027579077,3.11802820834802,6.91793182556191e-05,0.000126341571837727,"Up"
"hsa-mir-122","ENSG00000227051.4","C14orf132","coding","miR-122","chr14:96558084","7-mer-A1",0,7,33,0,0,"3pUTR,","hsa-mir-122",3.65460027579077,3.11802820834802,6.91793182556191e-05,0.000126341571837727,"Up"
"hsa-mir-122","ENSG00000152931.6","PART1","lncRNA, overlapping","miR-122","chr5:59786015","7-mer-A1",0,22,100,4,0,"ncRNA,","hsa-mir-122",3.65460027579077,3.11802820834802,6.91793182556191e-05,0.000126341571837727,"Up"
"hsa-mir-122","ENSG00000258492.1","KCNQ1OT1","lncRNA, overlapping","miR-122","chr11:2712098","7-mer-m8",0,7,33,0,0,"ncRNA,","hsa-mir-122",3.65460027579077,3.11802820834802,6.91793182556191e-05,0.000126341571837727,"Up"
"hsa-mir-122","ENSG00000177272.7","KCNA3","coding","miR-122","chr1:111216288","7-mer-A1",0,69,100,61,62,"CDS,","hsa-mir-122",3.65460027579077,3.11802820834802,6.91793182556191e-05,0.000126341571837727,"Up"
"hsa-mir-122","ENSG00000228444.1","LMO7-AS1","lncRNA, overlapping","miR-122","chr13:76203839","7-mer-m8",0,11,56,0,0,"ncRNA,","hsa-mir-122",3.65460027579077,3.11802820834802,6.91793182556191e-05,0.000126341571837727,"Up"
"hsa-mir-141","ENSG00000258492.1","KCNQ1OT1","lncRNA, overlapping","miR-141","chr11:2698370","7-mer-m8",0,18,67,9,0,"ncRNA,","hsa-mir-141",1.09336867144691,10.6311631961951,8.69046178253741e-08,2.09974511391742e-07,"Up"
"hsa-mir-141","ENSG00000226627.1","SHANK2-AS1","lncRNA, overlapping","miR-141","chr11:70479643","7-mer-m8",0,7,33,0,0,"ncRNA,","hsa-mir-141",1.09336867144691,10.6311631961951,8.69046178253741e-08,2.09974511391742e-07,"Up"
"hsa-mir-141","ENSG00000152931.6","PART1","lncRNA, overlapping","miR-141","chr5:59829763","7-mer-m8",0,7,33,0,0,"ncRNA,","hsa-mir-141",1.09336867144691,10.6311631961951,8.69046178253741e-08,2.09974511391742e-07,"Up"
"hsa-mir-141","ENSG00000130600.9","H19","other","miR-141","chr11:2022488","7-mer-m8",0,0,0,0,0,"ncRNA,","hsa-mir-141",1.09336867144691,10.6311631961951,8.69046178253741e-08,2.09974511391742e-07,"Up"
"hsa-mir-141","ENSG00000226627.1","SHANK2-AS1","lncRNA, overlapping","miR-141","chr11:70477890","7-mer-m8",0,4,22,0,0,"ncRNA,","hsa-mir-141",1.09336867144691,10.6311631961951,8.69046178253741e-08,2.09974511391742e-07,"Up"
"hsa-mir-141","ENSG00000177272.7","KCNA3","coding","miR-141","chr1:111214942","7-mer-m8",0,7,33,0,0,"3pUTR,","hsa-mir-141",1.09336867144691,10.6311631961951,8.69046178253741e-08,2.09974511391742e-07,"Up"
"hsa-mir-141","ENSG00000258492.1","KCNQ1OT1","lncRNA, overlapping","miR-141","chr11:2704804","7-mer-m8",0,13,56,4,0,"ncRNA,","hsa-mir-141",1.09336867144691,10.6311631961951,8.69046178253741e-08,2.09974511391742e-07,"Up"
"hsa-mir-141","ENSG00000258492.1","KCNQ1OT1","lncRNA, overlapping","miR-141","chr11:2697204","7-mer-A1",0,9,44,0,0,"ncRNA,","hsa-mir-141",1.09336867144691,10.6311631961951,8.69046178253741e-08,2.09974511391742e-07,"Up"
"hsa-mir-141","ENSG00000258492.1","KCNQ1OT1","lncRNA, overlapping","miR-141","chr11:2708208","7-mer-m8",0,9,44,0,0,"ncRNA,","hsa-mir-141",1.09336867144691,10.6311631961951,8.69046178253741e-08,2.09974511391742e-07,"Up"
"hsa-mir-141","ENSG00000227051.4","C14orf132","coding","miR-141","chr14:96553515","7-mer-m8",0,18,78,4,0,"5pUTR,","hsa-mir-141",1.09336867144691,10.6311631961951,8.69046178253741e-08,2.09974511391742e-07,"Up"
"hsa-mir-141","ENSG00000258492.1","KCNQ1OT1","lncRNA, overlapping","miR-141","chr11:2716422","7-mer-m8",1,13,56,4,0,"ncRNA,","hsa-mir-141",1.09336867144691,10.6311631961951,8.69046178253741e-08,2.09974511391742e-07,"Up"
"hsa-mir-143","ENSG00000177272.7","KCNA3","coding","miR-143","chr1:111216691","7-mer-m8",0,62,89,57,54,"CDS,","hsa-mir-143",-1.99509781855513,18.1909766165195,6.4322650955527e-29,1.47185360127647e-27,"Down"
"hsa-mir-143","ENSG00000152931.6","PART1","lncRNA, overlapping","miR-143","chr5:59785650","7-mer-m8",0,13,56,4,0,"ncRNA,","hsa-mir-143",-1.99509781855513,18.1909766165195,6.4322650955527e-29,1.47185360127647e-27,"Down"
"hsa-mir-143","ENSG00000146521.5","C6orf123","coding","miR-143","chr6:168187830","7-mer-A1",0,2,11,0,0,"3pUTR,","hsa-mir-143",-1.99509781855513,18.1909766165195,6.4322650955527e-29,1.47185360127647e-27,"Down"
"hsa-mir-143","ENSG00000258492.1","KCNQ1OT1","lncRNA, overlapping","miR-143","chr11:2698657","7-mer-m8",0,18,78,4,0,"ncRNA,","hsa-mir-143",-1.99509781855513,18.1909766165195,6.4322650955527e-29,1.47185360127647e-27,"Down"
"hsa-mir-143","ENSG00000230937.3","MIR205HG","other","miR-143","chr1:209603783","7-mer-m8",0,29,89,22,0,"ncRNA,","hsa-mir-143",-1.99509781855513,18.1909766165195,6.4322650955527e-29,1.47185360127647e-27,"Down"
"hsa-mir-143","ENSG00000214049.3","UCA1","lncRNA, intergenic","miR-143","chr19:15945690","7-mer-m8",0,4,22,0,0,"ncRNA,","hsa-mir-143",-1.99509781855513,18.1909766165195,6.4322650955527e-29,1.47185360127647e-27,"Down"
"hsa-mir-143","ENSG00000152931.6","PART1","lncRNA, overlapping","miR-143","chr5:59842395","7-mer-A1",0,20,67,13,0,"ncRNA,","hsa-mir-143",-1.99509781855513,18.1909766165195,6.4322650955527e-29,1.47185360127647e-27,"Down"
"hsa-mir-143","ENSG00000214049.3","UCA1","lncRNA, intergenic","miR-143","chr19:15946767","7-mer-m8",1,7,33,0,0,"ncRNA,","hsa-mir-143",-1.99509781855513,18.1909766165195,6.4322650955527e-29,1.47185360127647e-27,"Down"
"hsa-mir-143","ENSG00000214049.3","UCA1","lncRNA, intergenic","miR-143","chr19:15940133","7-mer-A1",1,11,56,0,0,"ncRNA,","hsa-mir-143",-1.99509781855513,18.1909766165195,6.4322650955527e-29,1.47185360127647e-27,"Down"
"hsa-mir-143","ENSG00000226627.1","SHANK2-AS1","lncRNA, overlapping","miR-143","chr11:70481119","7-mer-A1",1,9,44,0,0,"ncRNA,","hsa-mir-143",-1.99509781855513,18.1909766165195,6.4322650955527e-29,1.47185360127647e-27,"Down"
"hsa-mir-143","ENSG00000152931.6","PART1","lncRNA, overlapping","miR-143","chr5:59842430","7-mer-m8",0,11,56,0,0,"ncRNA,","hsa-mir-143",-1.99509781855513,18.1909766165195,6.4322650955527e-29,1.47185360127647e-27,"Down"
"hsa-mir-143","ENSG00000214049.3","UCA1","lncRNA, intergenic","miR-143","chr19:15939791","7-mer-m8",1,11,56,0,0,"ncRNA,","hsa-mir-143",-1.99509781855513,18.1909766165195,6.4322650955527e-29,1.47185360127647e-27,"Down"
"hsa-mir-143","ENSG00000223806.2","LINC00114","lncRNA, overlapping","miR-143","chr21:40113354","7-mer-A1",0,4,22,0,0,"ncRNA,","hsa-mir-143",-1.99509781855513,18.1909766165195,6.4322650955527e-29,1.47185360127647e-27,"Down"
"hsa-mir-143","ENSG00000223806.2","LINC00114","lncRNA, overlapping","miR-143","chr21:40140836","7-mer-m8",0,22,89,9,0,"ncRNA,","hsa-mir-143",-1.99509781855513,18.1909766165195,6.4322650955527e-29,1.47185360127647e-27,"Down"
"hsa-mir-145","ENSG00000258492.1","KCNQ1OT1","lncRNA, overlapping","miR-145","chr11:2699627","7-mer-m8",1,13,56,4,0,"ncRNA,","hsa-mir-145",-2.41321329603684,12.6354842645608,1.14910109805958e-43,8.94000654290349e-42,"Down"
"hsa-mir-145","ENSG00000258492.1","KCNQ1OT1","lncRNA, overlapping","miR-145","chr11:2714288","7-mer-m8",0,13,56,4,0,"ncRNA,","hsa-mir-145",-2.41321329603684,12.6354842645608,1.14910109805958e-43,8.94000654290349e-42,"Down"
"hsa-mir-145","ENSG00000258492.1","KCNQ1OT1","lncRNA, overlapping","miR-145","chr11:2697588","7-mer-A1",0,16,67,4,0,"ncRNA,","hsa-mir-145",-2.41321329603684,12.6354842645608,1.14910109805958e-43,8.94000654290349e-42,"Down"
"hsa-mir-145","ENSG00000230876.2","LINC00486","lncRNA, intergenic","miR-145","chr2:33150494","7-mer-A1",0,13,67,0,0,"ncRNA,","hsa-mir-145",-2.41321329603684,12.6354842645608,1.14910109805958e-43,8.94000654290349e-42,"Down"
"hsa-mir-145","ENSG00000230876.2","LINC00486","lncRNA, intergenic","miR-145","chr2:33151308","7-mer-A1",1,13,56,4,0,"ncRNA,","hsa-mir-145",-2.41321329603684,12.6354842645608,1.14910109805958e-43,8.94000654290349e-42,"Down"
"hsa-mir-145","ENSG00000152931.6","PART1","lncRNA, overlapping","miR-145","chr5:59841932","7-mer-m8",0,13,67,0,0,"ncRNA,","hsa-mir-145",-2.41321329603684,12.6354842645608,1.14910109805958e-43,8.94000654290349e-42,"Down"
"hsa-mir-145","ENSG00000226627.1","SHANK2-AS1","lncRNA, overlapping","miR-145","chr11:70481189","7-mer-m8",1,13,56,4,0,"ncRNA,","hsa-mir-145",-2.41321329603684,12.6354842645608,1.14910109805958e-43,8.94000654290349e-42,"Down"
"hsa-mir-145","ENSG00000152931.6","PART1","lncRNA, overlapping","miR-145","chr5:59784013","7-mer-A1",0,18,78,4,0,"ncRNA,","hsa-mir-145",-2.41321329603684,12.6354842645608,1.14910109805958e-43,8.94000654290349e-42,"Down"
"hsa-mir-145","ENSG00000258492.1","KCNQ1OT1","lncRNA, overlapping","miR-145","chr11:2713096","7-mer-m8",0,7,33,0,0,"ncRNA,","hsa-mir-145",-2.41321329603684,12.6354842645608,1.14910109805958e-43,8.94000654290349e-42,"Down"
"hsa-mir-145","ENSG00000258492.1","KCNQ1OT1","lncRNA, overlapping","miR-145","chr11:2713824","7-mer-A1",0,13,67,0,0,"ncRNA,","hsa-mir-145",-2.41321329603684,12.6354842645608,1.14910109805958e-43,8.94000654290349e-42,"Down"
"hsa-mir-145","ENSG00000258492.1","KCNQ1OT1","lncRNA, overlapping","miR-145","chr11:2713302","7-mer-A1",0,16,56,9,0,"ncRNA,","hsa-mir-145",-2.41321329603684,12.6354842645608,1.14910109805958e-43,8.94000654290349e-42,"Down"
"hsa-mir-145","ENSG00000228444.1","LMO7-AS1","lncRNA, overlapping","miR-145","chr13:76203427","7-mer-m8",0,16,44,13,0,"ncRNA,","hsa-mir-145",-2.41321329603684,12.6354842645608,1.14910109805958e-43,8.94000654290349e-42,"Down"
"hsa-mir-145","ENSG00000230937.3","MIR205HG","other","miR-145","chr1:209603349","7-mer-A1",0,13,67,0,0,"ncRNA,","hsa-mir-145",-2.41321329603684,12.6354842645608,1.14910109805958e-43,8.94000654290349e-42,"Down"
"hsa-mir-145","ENSG00000230937.3","MIR205HG","other","miR-145","chr1:209603059","7-mer-A1",0,13,67,0,0,"ncRNA,","hsa-mir-145",-2.41321329603684,12.6354842645608,1.14910109805958e-43,8.94000654290349e-42,"Down"
"hsa-mir-145","ENSG00000258492.1","KCNQ1OT1","lncRNA, overlapping","miR-145","chr11:2714424","7-mer-A1",0,13,56,4,0,"ncRNA,","hsa-mir-145",-2.41321329603684,12.6354842645608,1.14910109805958e-43,8.94000654290349e-42,"Down"
"hsa-mir-17","ENSG00000226627.1","SHANK2-AS1","lncRNA, overlapping","miR-17","chr11:70480724","7-mer-m8",1,7,33,0,0,"ncRNA,","hsa-mir-17",1.21074545569703,10.0013947544991,9.8512404170994e-15,6.18085890685752e-14,"Up"
"hsa-mir-17","ENSG00000233610.1","LINC00462","lncRNA, intergenic","miR-17","chr13:49151193","7-mer-m8",1,24,89,13,0,"ncRNA,","hsa-mir-17",1.21074545569703,10.0013947544991,9.8512404170994e-15,6.18085890685752e-14,"Up"
"hsa-mir-17","ENSG00000099869.6","IGF2-AS","coding","miR-17","chr11:2161770","8-mer",0,4,22,0,0,"5pUTR,","hsa-mir-17",1.21074545569703,10.0013947544991,9.8512404170994e-15,6.18085890685752e-14,"Up"
"hsa-mir-17","ENSG00000258492.1","KCNQ1OT1","lncRNA, overlapping","miR-17","chr11:2700308","7-mer-A1",0,4,11,4,0,"ncRNA,","hsa-mir-17",1.21074545569703,10.0013947544991,9.8512404170994e-15,6.18085890685752e-14,"Up"
"hsa-mir-17","ENSG00000227051.4","C14orf132","coding","miR-17","chr14:96557235","7-mer-m8",0,16,67,4,0,"CDS,","hsa-mir-17",1.21074545569703,10.0013947544991,9.8512404170994e-15,6.18085890685752e-14,"Up"
"hsa-mir-17","ENSG00000258492.1","KCNQ1OT1","lncRNA, overlapping","miR-17","chr11:2700702","7-mer-m8",1,2,11,0,0,"ncRNA,","hsa-mir-17",1.21074545569703,10.0013947544991,9.8512404170994e-15,6.18085890685752e-14,"Up"
"hsa-mir-17","ENSG00000258492.1","KCNQ1OT1","lncRNA, overlapping","miR-17","chr11:2711750","7-mer-m8",0,7,33,0,0,"ncRNA,","hsa-mir-17",1.21074545569703,10.0013947544991,9.8512404170994e-15,6.18085890685752e-14,"Up"
"hsa-mir-17","ENSG00000196972.5","LINC00087","lncRNA, intergenic","miR-17","chrX:134229217","8-mer",0,33,67,39,0,"ncRNA,","hsa-mir-17",1.21074545569703,10.0013947544991,9.8512404170994e-15,6.18085890685752e-14,"Up"
"hsa-mir-17","ENSG00000228444.1","LMO7-AS1","lncRNA, overlapping","miR-17","chr13:76205417","7-mer-m8",1,11,56,0,0,"ncRNA,","hsa-mir-17",1.21074545569703,10.0013947544991,9.8512404170994e-15,6.18085890685752e-14,"Up"
"hsa-mir-17","ENSG00000130600.9","H19","other","miR-17","chr11:2017146","8-mer",0,13,67,0,0,"ncRNA,","hsa-mir-17",1.21074545569703,10.0013947544991,9.8512404170994e-15,6.18085890685752e-14,"Up"
"hsa-mir-17","ENSG00000227051.4","C14orf132","coding","miR-17","chr14:96554400","7-mer-A1",0,7,33,0,0,"5pUTR,","hsa-mir-17",1.21074545569703,10.0013947544991,9.8512404170994e-15,6.18085890685752e-14,"Up"
"hsa-mir-17","ENSG00000258492.1","KCNQ1OT1","lncRNA, overlapping","miR-17","chr11:2701381","8-mer",1,7,33,0,0,"ncRNA,","hsa-mir-17",1.21074545569703,10.0013947544991,9.8512404170994e-15,6.18085890685752e-14,"Up"
"hsa-mir-17","ENSG00000227051.4","C14orf132","coding","miR-17","chr14:96556496","7-mer-m8",1,9,44,0,0,"5pUTR,","hsa-mir-17",1.21074545569703,10.0013947544991,9.8512404170994e-15,6.18085890685752e-14,"Up"
"hsa-mir-182","ENSG00000244124.1","ATP1B3-AS1","lncRNA, overlapping","miR-182","chr3:141637837","7-mer-A1",0,9,44,0,0,"ncRNA,","hsa-mir-182",1.61867900154417,13.526575471739,2.77793926524359e-14,1.63730056693902e-13,"Up"
"hsa-mir-182","ENSG00000258492.1","KCNQ1OT1","lncRNA, overlapping","miR-182","chr11:2705221","7-mer-m8",0,18,78,4,0,"ncRNA,","hsa-mir-182",1.61867900154417,13.526575471739,2.77793926524359e-14,1.63730056693902e-13,"Up"
"hsa-mir-182","ENSG00000230876.2","LINC00486","lncRNA, intergenic","miR-182","chr2:33151248","8-mer",1,11,56,0,0,"ncRNA,","hsa-mir-182",1.61867900154417,13.526575471739,2.77793926524359e-14,1.63730056693902e-13,"Up"
"hsa-mir-182","ENSG00000230876.2","LINC00486","lncRNA, intergenic","miR-182","chr2:33150774","7-mer-A1",0,20,67,13,0,"ncRNA,","hsa-mir-182",1.61867900154417,13.526575471739,2.77793926524359e-14,1.63730056693902e-13,"Up"
"hsa-mir-182","ENSG00000223806.2","LINC00114","lncRNA, overlapping","miR-182","chr21:40114318","8-mer",0,18,44,17,0,"ncRNA,","hsa-mir-182",1.61867900154417,13.526575471739,2.77793926524359e-14,1.63730056693902e-13,"Up"
"hsa-mir-182","ENSG00000258492.1","KCNQ1OT1","lncRNA, overlapping","miR-182","chr11:2697743","7-mer-m8",0,11,56,0,0,"ncRNA,","hsa-mir-182",1.61867900154417,13.526575471739,2.77793926524359e-14,1.63730056693902e-13,"Up"
"hsa-mir-182","ENSG00000178947.7","LINC00086","lncRNA, intergenic","miR-182","chrX:134557606","7-mer-m8",0,7,33,0,0,"ncRNA,","hsa-mir-182",1.61867900154417,13.526575471739,2.77793926524359e-14,1.63730056693902e-13,"Up"
"hsa-mir-182","ENSG00000230426.1","ERVMER61-1","lncRNA, overlapping","miR-182","chr1:187612256","8-mer",1,13,67,0,0,"ncRNA,","hsa-mir-182",1.61867900154417,13.526575471739,2.77793926524359e-14,1.63730056693902e-13,"Up"
"hsa-mir-182","ENSG00000258492.1","KCNQ1OT1","lncRNA, overlapping","miR-182","chr11:2705679","8-mer",0,22,100,4,0,"ncRNA,","hsa-mir-182",1.61867900154417,13.526575471739,2.77793926524359e-14,1.63730056693902e-13,"Up"
"hsa-mir-182","ENSG00000258492.1","KCNQ1OT1","lncRNA, overlapping","miR-182","chr11:2716663","7-mer-A1",1,18,56,13,0,"ncRNA,","hsa-mir-182",1.61867900154417,13.526575471739,2.77793926524359e-14,1.63730056693902e-13,"Up"
"hsa-mir-182","ENSG00000227051.4","C14orf132","coding","miR-182","chr14:96517499","7-mer-A1",0,4,22,0,0,"ncRNA,","hsa-mir-182",1.61867900154417,13.526575471739,2.77793926524359e-14,1.63730056693902e-13,"Up"
"hsa-mir-182","ENSG00000196972.5","LINC00087","lncRNA, intergenic","miR-182","chrX:134231103","7-mer-m8",0,9,44,0,0,"ncRNA,","hsa-mir-182",1.61867900154417,13.526575471739,2.77793926524359e-14,1.63730056693902e-13,"Up"
"hsa-mir-182","ENSG00000214049.3","UCA1","lncRNA, intergenic","miR-182","chr19:15940022","7-mer-A1",1,4,22,0,0,"ncRNA,","hsa-mir-182",1.61867900154417,13.526575471739,2.77793926524359e-14,1.63730056693902e-13,"Up"
"hsa-mir-182","ENSG00000235904.1","RBMS3-AS3","lncRNA, overlapping","miR-182","chr3:29305710","7-mer-A1",0,16,78,0,0,"ncRNA,","hsa-mir-182",1.61867900154417,13.526575471739,2.77793926524359e-14,1.63730056693902e-13,"Up"
"hsa-mir-182","ENSG00000227528.1","DIAPH3-AS1","lncRNA, overlapping","miR-182","chr13:60586892","7-mer-A1",0,4,22,0,0,"ncRNA,","hsa-mir-182",1.61867900154417,13.526575471739,2.77793926524359e-14,1.63730056693902e-13,"Up"
"hsa-mir-182","ENSG00000258492.1","KCNQ1OT1","lncRNA, overlapping","miR-182","chr11:2706332","7-mer-A1",0,9,44,0,0,"ncRNA,","hsa-mir-182",1.61867900154417,13.526575471739,2.77793926524359e-14,1.63730056693902e-13,"Up"
"hsa-mir-183","ENSG00000240922.1","LSAMP-AS1","lncRNA, overlapping","miR-183","chr3:116086815","7-mer-m8",0,33,67,39,0,"ncRNA,","hsa-mir-183",2.00117715173873,12.1916960227971,5.44674167295956e-18,5.04472026376493e-17,"Up"
"hsa-mir-183","ENSG00000177272.7","KCNA3","coding","miR-183","chr1:111216034","7-mer-m8",0,67,100,70,38,"CDS,","hsa-mir-183",2.00117715173873,12.1916960227971,5.44674167295956e-18,5.04472026376493e-17,"Up"
"hsa-mir-183","ENSG00000258492.1","KCNQ1OT1","lncRNA, overlapping","miR-183","chr11:2704472","7-mer-m8",0,4,22,0,0,"ncRNA,","hsa-mir-183",2.00117715173873,12.1916960227971,5.44674167295956e-18,5.04472026376493e-17,"Up"
"hsa-mir-183","ENSG00000258492.1","KCNQ1OT1","lncRNA, overlapping","miR-183","chr11:2710061","7-mer-m8",0,13,67,0,0,"ncRNA,","hsa-mir-183",2.00117715173873,12.1916960227971,5.44674167295956e-18,5.04472026376493e-17,"Up"
"hsa-mir-183","ENSG00000258492.1","KCNQ1OT1","lncRNA, overlapping","miR-183","chr11:2715575","7-mer-A1",1,16,67,4,0,"ncRNA,","hsa-mir-183",2.00117715173873,12.1916960227971,5.44674167295956e-18,5.04472026376493e-17,"Up"
"hsa-mir-183","ENSG00000258492.1","KCNQ1OT1","lncRNA, overlapping","miR-183","chr11:2715024","7-mer-m8",0,13,67,0,0,"ncRNA,","hsa-mir-183",2.00117715173873,12.1916960227971,5.44674167295956e-18,5.04472026376493e-17,"Up"
"hsa-mir-183","ENSG00000230937.3","MIR205HG","other","miR-183","chr1:209603068","7-mer-A1",0,11,56,0,0,"ncRNA,","hsa-mir-183",2.00117715173873,12.1916960227971,5.44674167295956e-18,5.04472026376493e-17,"Up"
"hsa-mir-183","ENSG00000258492.1","KCNQ1OT1","lncRNA, overlapping","miR-183","chr11:2716063","7-mer-A1",1,13,56,4,0,"ncRNA,","hsa-mir-183",2.00117715173873,12.1916960227971,5.44674167295956e-18,5.04472026376493e-17,"Up"
"hsa-mir-183","ENSG00000203645.2","LINC00501","lncRNA, intergenic","miR-183","chr3:177040878","7-mer-A1",0,11,44,4,0,"ncRNA,","hsa-mir-183",2.00117715173873,12.1916960227971,5.44674167295956e-18,5.04472026376493e-17,"Up"
"hsa-mir-183","ENSG00000177112.3","MRVI1-AS1","lncRNA, overlapping","miR-183","chr11:10563008","7-mer-m8",0,13,56,4,0,"ncRNA,","hsa-mir-183",2.00117715173873,12.1916960227971,5.44674167295956e-18,5.04472026376493e-17,"Up"
"hsa-mir-184","ENSG00000214049.3","UCA1","lncRNA, intergenic","miR-184","chr19:15945438","7-mer-A1",1,4,22,0,0,"ncRNA,","hsa-mir-184",3.70578505178007,2.68411327947926,2.84183422574249e-08,7.57173639598513e-08,"Up"
"hsa-mir-184","ENSG00000146521.5","C6orf123","coding","miR-184","chr6:168197315","7-mer-m8",0,0,0,0,0,"5pUTR,","hsa-mir-184",3.70578505178007,2.68411327947926,2.84183422574249e-08,7.57173639598513e-08,"Up"
"hsa-mir-184","ENSG00000214049.3","UCA1","lncRNA, intergenic","miR-184","chr19:15946562","8-mer",1,4,22,0,0,"ncRNA,","hsa-mir-184",3.70578505178007,2.68411327947926,2.84183422574249e-08,7.57173639598513e-08,"Up"
"hsa-mir-187","ENSG00000152931.6","PART1","lncRNA, overlapping","miR-187","chr5:59825327","8-mer",0,9,22,9,0,"ncRNA,","hsa-mir-187",-1.32550521820374,3.67917580089065,3.87599420404041e-05,7.46416705629564e-05,"Down"
"hsa-mir-187","ENSG00000230876.2","LINC00486","lncRNA, intergenic","miR-187","chr2:33151319","7-mer-m8",1,2,11,0,0,"ncRNA,","hsa-mir-187",-1.32550521820374,3.67917580089065,3.87599420404041e-05,7.46416705629564e-05,"Down"
"hsa-mir-187","ENSG00000178947.7","LINC00086","lncRNA, intergenic","miR-187","chrX:134558308","8-mer",0,11,33,9,0,"ncRNA,","hsa-mir-187",-1.32550521820374,3.67917580089065,3.87599420404041e-05,7.46416705629564e-05,"Down"
"hsa-mir-187","ENSG00000258492.1","KCNQ1OT1","lncRNA, overlapping","miR-187","chr11:2716599","7-mer-m8",1,9,44,0,0,"ncRNA,","hsa-mir-187",-1.32550521820374,3.67917580089065,3.87599420404041e-05,7.46416705629564e-05,"Down"
"hsa-mir-187","ENSG00000258492.1","KCNQ1OT1","lncRNA, overlapping","miR-187","chr11:2709579","8-mer",0,18,89,0,0,"ncRNA,","hsa-mir-187",-1.32550521820374,3.67917580089065,3.87599420404041e-05,7.46416705629564e-05,"Down"
"hsa-mir-195","ENSG00000227051.4","C14orf132","coding","195","chr14:96560176","7-mer-m8",0,0,0,0,0,"3pUTR,ncRNA,","hsa-mir-195",-1.59892056815361,5.53456434866251,1.13940611437836e-30,2.95485985662121e-29,"Down"
"hsa-mir-195","ENSG00000258492.1","KCNQ1OT1","lncRNA, overlapping","195","chr11:2714602","7-mer-m8",0,16,78,0,0,"ncRNA,","hsa-mir-195",-1.59892056815361,5.53456434866251,1.13940611437836e-30,2.95485985662121e-29,"Down"
"hsa-mir-195","ENSG00000178947.7","LINC00086","lncRNA, intergenic","195","chrX:134559416","7-mer-m8",0,9,44,0,0,"ncRNA,","hsa-mir-195",-1.59892056815361,5.53456434866251,1.13940611437836e-30,2.95485985662121e-29,"Down"
"hsa-mir-195","ENSG00000258492.1","KCNQ1OT1","lncRNA, overlapping","195","chr11:2709799","7-mer-A1",0,11,56,0,0,"ncRNA,","hsa-mir-195",-1.59892056815361,5.53456434866251,1.13940611437836e-30,2.95485985662121e-29,"Down"
"hsa-mir-195","ENSG00000231749.1","ABCA9-AS1","lncRNA, overlapping","195","chr17:67008138","7-mer-m8",0,49,100,48,15,"ncRNA,","hsa-mir-195",-1.59892056815361,5.53456434866251,1.13940611437836e-30,2.95485985662121e-29,"Down"
"hsa-mir-195","ENSG00000258492.1","KCNQ1OT1","lncRNA, overlapping","195","chr11:2708045","7-mer-m8",0,16,78,0,0,"ncRNA,","hsa-mir-195",-1.59892056815361,5.53456434866251,1.13940611437836e-30,2.95485985662121e-29,"Down"
"hsa-mir-195","ENSG00000227051.4","C14orf132","coding","195","chr14:96557978","7-mer-A1",0,4,22,0,0,"3pUTR,","hsa-mir-195",-1.59892056815361,5.53456434866251,1.13940611437836e-30,2.95485985662121e-29,"Down"
"hsa-mir-195","ENSG00000177272.7","KCNA3","coding","195","chr1:111215550","7-mer-m8",0,11,44,4,0,"3pUTR,","hsa-mir-195",-1.59892056815361,5.53456434866251,1.13940611437836e-30,2.95485985662121e-29,"Down"
"hsa-mir-195","ENSG00000205696.4","ADARB2-AS1","lncRNA, overlapping","195","chr10:1576859","8-mer",0,13,67,0,0,"ncRNA,","hsa-mir-195",-1.59892056815361,5.53456434866251,1.13940611437836e-30,2.95485985662121e-29,"Down"
"hsa-mir-195","ENSG00000178947.7","LINC00086","lncRNA, intergenic","195","chrX:134558475","8-mer",0,24,78,17,0,"ncRNA,","hsa-mir-195",-1.59892056815361,5.53456434866251,1.13940611437836e-30,2.95485985662121e-29,"Down"
"hsa-mir-195","ENSG00000152931.6","PART1","lncRNA, overlapping","195","chr5:59785495","7-mer-m8",0,29,78,26,0,"ncRNA,","hsa-mir-195",-1.59892056815361,5.53456434866251,1.13940611437836e-30,2.95485985662121e-29,"Down"
"hsa-mir-200a","ENSG00000258492.1","KCNQ1OT1","lncRNA, overlapping","200a","chr11:2698370","7-mer-m8",0,18,67,9,0,"ncRNA,","hsa-mir-200a",1.3809186008583,10.9850657158093,4.0078269792056e-11,1.54360860882275e-10,"Up"
"hsa-mir-200a","ENSG00000177272.7","KCNA3","coding","200a","chr1:111214942","7-mer-m8",0,7,33,0,0,"3pUTR,","hsa-mir-200a",1.3809186008583,10.9850657158093,4.0078269792056e-11,1.54360860882275e-10,"Up"
"hsa-mir-200a","ENSG00000152931.6","PART1","lncRNA, overlapping","200a","chr5:59829763","7-mer-m8",0,7,33,0,0,"ncRNA,","hsa-mir-200a",1.3809186008583,10.9850657158093,4.0078269792056e-11,1.54360860882275e-10,"Up"
"hsa-mir-200a","ENSG00000227051.4","C14orf132","coding","200a","chr14:96553515","7-mer-m8",0,18,78,4,0,"5pUTR,","hsa-mir-200a",1.3809186008583,10.9850657158093,4.0078269792056e-11,1.54360860882275e-10,"Up"
"hsa-mir-200a","ENSG00000258492.1","KCNQ1OT1","lncRNA, overlapping","200a","chr11:2697204","7-mer-A1",0,9,44,0,0,"ncRNA,","hsa-mir-200a",1.3809186008583,10.9850657158093,4.0078269792056e-11,1.54360860882275e-10,"Up"
"hsa-mir-200a","ENSG00000130600.9","H19","other","200a","chr11:2022488","7-mer-m8",0,0,0,0,0,"ncRNA,","hsa-mir-200a",1.3809186008583,10.9850657158093,4.0078269792056e-11,1.54360860882275e-10,"Up"
"hsa-mir-200a","ENSG00000226627.1","SHANK2-AS1","lncRNA, overlapping","200a","chr11:70479643","7-mer-m8",0,7,33,0,0,"ncRNA,","hsa-mir-200a",1.3809186008583,10.9850657158093,4.0078269792056e-11,1.54360860882275e-10,"Up"
"hsa-mir-200a","ENSG00000258492.1","KCNQ1OT1","lncRNA, overlapping","200a","chr11:2708208","7-mer-m8",0,9,44,0,0,"ncRNA,","hsa-mir-200a",1.3809186008583,10.9850657158093,4.0078269792056e-11,1.54360860882275e-10,"Up"
"hsa-mir-200a","ENSG00000226627.1","SHANK2-AS1","lncRNA, overlapping","200a","chr11:70477890","7-mer-m8",0,4,22,0,0,"ncRNA,","hsa-mir-200a",1.3809186008583,10.9850657158093,4.0078269792056e-11,1.54360860882275e-10,"Up"
"hsa-mir-200a","ENSG00000258492.1","KCNQ1OT1","lncRNA, overlapping","200a","chr11:2704804","7-mer-m8",0,13,56,4,0,"ncRNA,","hsa-mir-200a",1.3809186008583,10.9850657158093,4.0078269792056e-11,1.54360860882275e-10,"Up"
"hsa-mir-200a","ENSG00000258492.1","KCNQ1OT1","lncRNA, overlapping","200a","chr11:2716422","7-mer-m8",1,13,56,4,0,"ncRNA,","hsa-mir-200a",1.3809186008583,10.9850657158093,4.0078269792056e-11,1.54360860882275e-10,"Up"
"hsa-mir-204","ENSG00000258492.1","KCNQ1OT1","lncRNA, overlapping","miR-204","chr11:2705360","7-mer-A1",0,13,56,4,0,"ncRNA,","hsa-mir-204",-1.96869906708373,3.00669457527416,9.57912581900692e-15,6.10865564523556e-14,"Down"
"hsa-mir-204","ENSG00000177272.7","KCNA3","coding","miR-204","chr1:111215097","8-mer",0,53,78,74,0,"3pUTR,","hsa-mir-204",-1.96869906708373,3.00669457527416,9.57912581900692e-15,6.10865564523556e-14,"Down"
"hsa-mir-204","ENSG00000230937.3","MIR205HG","other","miR-204","chr1:209605147","7-mer-m8",0,24,67,22,0,"ncRNA,","hsa-mir-204",-1.96869906708373,3.00669457527416,9.57912581900692e-15,6.10865564523556e-14,"Down"
"hsa-mir-204","ENSG00000230876.2","LINC00486","lncRNA, intergenic","miR-204","chr2:33150437","7-mer-m8",1,7,33,0,0,"ncRNA,","hsa-mir-204",-1.96869906708373,3.00669457527416,9.57912581900692e-15,6.10865564523556e-14,"Down"
"hsa-mir-204","ENSG00000230426.1","ERVMER61-1","lncRNA, overlapping","miR-204","chr1:187611443","7-mer-A1",1,4,22,0,0,"ncRNA,","hsa-mir-204",-1.96869906708373,3.00669457527416,9.57912581900692e-15,6.10865564523556e-14,"Down"
"hsa-mir-204","ENSG00000227051.4","C14orf132","coding","miR-204","chr14:96554567","7-mer-m8",0,24,56,22,8,"5pUTR,","hsa-mir-204",-1.96869906708373,3.00669457527416,9.57912581900692e-15,6.10865564523556e-14,"Down"
"hsa-mir-204","ENSG00000258492.1","KCNQ1OT1","lncRNA, overlapping","miR-204","chr11:2699000","7-mer-m8",0,11,56,0,0,"ncRNA,","hsa-mir-204",-1.96869906708373,3.00669457527416,9.57912581900692e-15,6.10865564523556e-14,"Down"
"hsa-mir-204","ENSG00000228444.1","LMO7-AS1","lncRNA, overlapping","miR-204","chr13:76204332","7-mer-A1",1,7,33,0,0,"ncRNA,","hsa-mir-204",-1.96869906708373,3.00669457527416,9.57912581900692e-15,6.10865564523556e-14,"Down"
"hsa-mir-204","ENSG00000258492.1","KCNQ1OT1","lncRNA, overlapping","miR-204","chr11:2709204","8-mer",0,47,100,52,0,"ncRNA,","hsa-mir-204",-1.96869906708373,3.00669457527416,9.57912581900692e-15,6.10865564523556e-14,"Down"
"hsa-mir-204","ENSG00000146521.5","C6orf123","coding","miR-204","chr6:168187583","8-mer",0,11,56,0,0,"3pUTR,","hsa-mir-204",-1.96869906708373,3.00669457527416,9.57912581900692e-15,6.10865564523556e-14,"Down"
"hsa-mir-204","ENSG00000258492.1","KCNQ1OT1","lncRNA, overlapping","miR-204","chr11:2702796","8-mer",0,9,44,0,0,"ncRNA,","hsa-mir-204",-1.96869906708373,3.00669457527416,9.57912581900692e-15,6.10865564523556e-14,"Down"
"hsa-mir-204","ENSG00000258492.1","KCNQ1OT1","lncRNA, overlapping","miR-204","chr11:2713158","7-mer-A1",0,7,33,0,0,"ncRNA,","hsa-mir-204",-1.96869906708373,3.00669457527416,9.57912581900692e-15,6.10865564523556e-14,"Down"
"hsa-mir-204","ENSG00000152931.6","PART1","lncRNA, overlapping","miR-204","chr5:59842381","8-mer",0,9,44,0,0,"ncRNA,","hsa-mir-204",-1.96869906708373,3.00669457527416,9.57912581900692e-15,6.10865564523556e-14,"Down"
"hsa-mir-204","ENSG00000235904.1","RBMS3-AS3","lncRNA, overlapping","miR-204","chr3:29305750","8-mer",1,16,67,4,0,"ncRNA,","hsa-mir-204",-1.96869906708373,3.00669457527416,9.57912581900692e-15,6.10865564523556e-14,"Down"
"hsa-mir-204","ENSG00000227051.4","C14orf132","coding","miR-204","chr14:96558022","8-mer",0,18,67,9,0,"3pUTR,","hsa-mir-204",-1.96869906708373,3.00669457527416,9.57912581900692e-15,6.10865564523556e-14,"Down"
"hsa-mir-204","ENSG00000244124.1","ATP1B3-AS1","lncRNA, overlapping","miR-204","chr3:141637700","8-mer",0,27,56,30,0,"ncRNA,","hsa-mir-204",-1.96869906708373,3.00669457527416,9.57912581900692e-15,6.10865564523556e-14,"Down"
"hsa-mir-204","ENSG00000223806.2","LINC00114","lncRNA, overlapping","miR-204","chr21:40112262","7-mer-A1",0,2,11,0,0,"ncRNA,","hsa-mir-204",-1.96869906708373,3.00669457527416,9.57912581900692e-15,6.10865564523556e-14,"Down"
"hsa-mir-204","ENSG00000227051.4","C14orf132","coding","miR-204","chr14:96558194","7-mer-m8",0,11,56,0,0,"3pUTR,","hsa-mir-204",-1.96869906708373,3.00669457527416,9.57912581900692e-15,6.10865564523556e-14,"Down"
"hsa-mir-204","ENSG00000203645.2","LINC00501","lncRNA, intergenic","miR-204","chr3:177041107","7-mer-A1",0,24,67,22,0,"ncRNA,","hsa-mir-204",-1.96869906708373,3.00669457527416,9.57912581900692e-15,6.10865564523556e-14,"Down"
"hsa-mir-205","ENSG00000258492.1","KCNQ1OT1","lncRNA, overlapping","miR-205","chr11:2719302","7-mer-A1",0,13,67,0,0,"ncRNA,","hsa-mir-205",-2.71666736834606,7.72717938960646,6.0002592534246e-08,1.51564990232608e-07,"Down"
"hsa-mir-205","ENSG00000230426.1","ERVMER61-1","lncRNA, overlapping","miR-205","chr1:187610924","7-mer-A1",1,9,44,0,0,"ncRNA,","hsa-mir-205",-2.71666736834606,7.72717938960646,6.0002592534246e-08,1.51564990232608e-07,"Down"
"hsa-mir-205","ENSG00000205696.4","ADARB2-AS1","lncRNA, overlapping","miR-205","chr10:1599141","7-mer-m8",1,7,33,0,0,"ncRNA,","hsa-mir-205",-2.71666736834606,7.72717938960646,6.0002592534246e-08,1.51564990232608e-07,"Down"
"hsa-mir-205","ENSG00000196972.5","LINC00087","lncRNA, intergenic","miR-205","chrX:134232339","8-mer",0,16,67,4,0,"ncRNA,","hsa-mir-205",-2.71666736834606,7.72717938960646,6.0002592534246e-08,1.51564990232608e-07,"Down"
"hsa-mir-205","ENSG00000177112.3","MRVI1-AS1","lncRNA, overlapping","miR-205","chr11:10615463","7-mer-m8",0,13,67,0,0,"ncRNA,","hsa-mir-205",-2.71666736834606,7.72717938960646,6.0002592534246e-08,1.51564990232608e-07,"Down"
"hsa-mir-205","ENSG00000258492.1","KCNQ1OT1","lncRNA, overlapping","miR-205","chr11:2706640","7-mer-A1",0,11,56,0,0,"ncRNA,","hsa-mir-205",-2.71666736834606,7.72717938960646,6.0002592534246e-08,1.51564990232608e-07,"Down"
"hsa-mir-205","ENSG00000258492.1","KCNQ1OT1","lncRNA, overlapping","miR-205","chr11:2713893","7-mer-A1",0,11,56,0,0,"ncRNA,","hsa-mir-205",-2.71666736834606,7.72717938960646,6.0002592534246e-08,1.51564990232608e-07,"Down"
"hsa-mir-205","ENSG00000230937.3","MIR205HG","other","miR-205","chr1:209605733","8-mer",0,20,78,9,0,"ncRNA,","hsa-mir-205",-2.71666736834606,7.72717938960646,6.0002592534246e-08,1.51564990232608e-07,"Down"
"hsa-mir-205","ENSG00000152931.6","PART1","lncRNA, overlapping","miR-205","chr5:59829795","8-mer",1,13,67,0,0,"ncRNA,","hsa-mir-205",-2.71666736834606,7.72717938960646,6.0002592534246e-08,1.51564990232608e-07,"Down"
"hsa-mir-205","ENSG00000178947.7","LINC00086","lncRNA, intergenic","miR-205","chrX:134556378","8-mer",0,13,44,9,0,"ncRNA,","hsa-mir-205",-2.71666736834606,7.72717938960646,6.0002592534246e-08,1.51564990232608e-07,"Down"
"hsa-mir-21","ENSG00000177272.7","KCNA3","coding","miR-21","chr1:111214897","7-mer-m8",0,47,78,57,8,"3pUTR,","hsa-mir-21",1.9032421250473,18.0525435744938,4.26129983336436e-51,8.28822817589369e-49,"Up"
"hsa-mir-21","ENSG00000152931.6","PART1","lncRNA, overlapping","miR-21","chr5:59786718","8-mer",0,36,89,35,0,"ncRNA,","hsa-mir-21",1.9032421250473,18.0525435744938,4.26129983336436e-51,8.28822817589369e-49,"Up"
"hsa-mir-21","ENSG00000230426.1","ERVMER61-1","lncRNA, overlapping","miR-21","chr1:187612520","8-mer",1,13,67,0,0,"ncRNA,","hsa-mir-21",1.9032421250473,18.0525435744938,4.26129983336436e-51,8.28822817589369e-49,"Up"
"hsa-mir-210","ENSG00000227528.1","DIAPH3-AS1","lncRNA, overlapping","miR-210","chr13:60587472","7-mer-m8",0,0,0,0,0,"ncRNA,","hsa-mir-210",1.3470925406135,8.94920140341538,5.20245292868119e-06,1.07646499428563e-05,"Up"
"hsa-mir-210","ENSG00000177272.7","KCNA3","coding","miR-210","chr1:111214653","7-mer-A1",0,47,44,65,15,"3pUTR,","hsa-mir-210",1.3470925406135,8.94920140341538,5.20245292868119e-06,1.07646499428563e-05,"Up"
"hsa-mir-216a","ENSG00000227051.4","C14orf132","coding","miR-216a","chr14:96556683","7-mer-m8",1,0,0,0,0,"5pUTR,","hsa-mir-216a",1.18853209645865,1.18558589045624,0.000383361806134477,0.000656950407869214,"Up"
"hsa-mir-216a","ENSG00000258492.1","KCNQ1OT1","lncRNA, overlapping","miR-216a","chr11:2718055","7-mer-A1",1,24,89,13,0,"ncRNA,","hsa-mir-216a",1.18853209645865,1.18558589045624,0.000383361806134477,0.000656950407869214,"Up"
"hsa-mir-216a","ENSG00000223806.2","LINC00114","lncRNA, overlapping","miR-216a","chr21:40112906","7-mer-m8",0,7,33,0,0,"ncRNA,","hsa-mir-216a",1.18853209645865,1.18558589045624,0.000383361806134477,0.000656950407869214,"Up"
"hsa-mir-216a","ENSG00000227051.4","C14orf132","coding","miR-216a","chr14:96557584","7-mer-m8",0,2,11,0,0,"3pUTR,","hsa-mir-216a",1.18853209645865,1.18558589045624,0.000383361806134477,0.000656950407869214,"Up"
"hsa-mir-216a","ENSG00000258492.1","KCNQ1OT1","lncRNA, overlapping","miR-216a","chr11:2703279","7-mer-A1",1,11,56,0,0,"ncRNA,","hsa-mir-216a",1.18853209645865,1.18558589045624,0.000383361806134477,0.000656950407869214,"Up"
"hsa-mir-216a","ENSG00000227528.1","DIAPH3-AS1","lncRNA, overlapping","miR-216a","chr13:60618333","7-mer-m8",0,20,56,17,0,"ncRNA,","hsa-mir-216a",1.18853209645865,1.18558589045624,0.000383361806134477,0.000656950407869214,"Up"
"hsa-mir-217","ENSG00000258492.1","KCNQ1OT1","lncRNA, overlapping","miR-217","chr11:2714029","7-mer-m8",1,11,56,0,0,"ncRNA,","hsa-mir-217",1.7239416566312,6.25103948007684,5.16699660474834e-08,1.32234321003099e-07,"Up"
"hsa-mir-217","ENSG00000258492.1","KCNQ1OT1","lncRNA, overlapping","miR-217","chr11:2715137","7-mer-A1",0,16,67,4,0,"ncRNA,","hsa-mir-217",1.7239416566312,6.25103948007684,5.16699660474834e-08,1.32234321003099e-07,"Up"
"hsa-mir-217","ENSG00000258492.1","KCNQ1OT1","lncRNA, overlapping","miR-217","chr11:2713574","7-mer-A1",1,9,33,4,0,"ncRNA,","hsa-mir-217",1.7239416566312,6.25103948007684,5.16699660474834e-08,1.32234321003099e-07,"Up"
"hsa-mir-217","ENSG00000177272.7","KCNA3","coding","miR-217","chr1:111214818","7-mer-m8",0,73,89,74,62,"3pUTR,","hsa-mir-217",1.7239416566312,6.25103948007684,5.16699660474834e-08,1.32234321003099e-07,"Up"
"hsa-mir-217","ENSG00000146521.5","C6orf123","coding","miR-217","chr6:168187722","8-mer",0,7,33,0,0,"3pUTR,","hsa-mir-217",1.7239416566312,6.25103948007684,5.16699660474834e-08,1.32234321003099e-07,"Up"
"hsa-mir-217","ENSG00000258492.1","KCNQ1OT1","lncRNA, overlapping","miR-217","chr11:2701197","7-mer-A1",1,2,11,0,0,"ncRNA,","hsa-mir-217",1.7239416566312,6.25103948007684,5.16699660474834e-08,1.32234321003099e-07,"Up"
"hsa-mir-222","ENSG00000146521.5","C6orf123","coding","222","chr6:168185672","7-mer-m8",1,7,33,0,0,"3pUTR,","hsa-mir-222",1.02871685356951,6.72164087307434,2.18232573263681e-11,8.75180113397648e-11,"Up"
"hsa-mir-222","ENSG00000230876.2","LINC00486","lncRNA, intergenic","222","chr2:33151510","7-mer-A1",0,18,78,4,0,"ncRNA,","hsa-mir-222",1.02871685356951,6.72164087307434,2.18232573263681e-11,8.75180113397648e-11,"Up"
"hsa-mir-222","ENSG00000258492.1","KCNQ1OT1","lncRNA, overlapping","222","chr11:2714701","7-mer-A1",0,36,89,35,0,"ncRNA,","hsa-mir-222",1.02871685356951,6.72164087307434,2.18232573263681e-11,8.75180113397648e-11,"Up"
"hsa-mir-222","ENSG00000230937.3","MIR205HG","other","222","chr1:209603672","7-mer-A1",0,13,67,0,0,"ncRNA,","hsa-mir-222",1.02871685356951,6.72164087307434,2.18232573263681e-11,8.75180113397648e-11,"Up"
"hsa-mir-222","ENSG00000227051.4","C14orf132","coding","222","chr14:96560402","7-mer-A1",1,11,56,0,0,"3pUTR,","hsa-mir-222",1.02871685356951,6.72164087307434,2.18232573263681e-11,8.75180113397648e-11,"Up"
"hsa-mir-222","ENSG00000258492.1","KCNQ1OT1","lncRNA, overlapping","222","chr11:2700580","7-mer-A1",1,11,56,0,0,"ncRNA,","hsa-mir-222",1.02871685356951,6.72164087307434,2.18232573263681e-11,8.75180113397648e-11,"Up"
"hsa-mir-222","ENSG00000177112.3","MRVI1-AS1","lncRNA, overlapping","222","chr11:10615453","7-mer-A1",0,16,67,4,0,"ncRNA,","hsa-mir-222",1.02871685356951,6.72164087307434,2.18232573263681e-11,8.75180113397648e-11,"Up"
"hsa-mir-222","ENSG00000258492.1","KCNQ1OT1","lncRNA, overlapping","222","chr11:2705091","8-mer",0,7,33,0,0,"ncRNA,","hsa-mir-222",1.02871685356951,6.72164087307434,2.18232573263681e-11,8.75180113397648e-11,"Up"
"hsa-mir-222","ENSG00000258492.1","KCNQ1OT1","lncRNA, overlapping","222","chr11:2697133","7-mer-A1",0,11,56,0,0,"ncRNA,","hsa-mir-222",1.02871685356951,6.72164087307434,2.18232573263681e-11,8.75180113397648e-11,"Up"
"hsa-mir-223","ENSG00000258492.1","KCNQ1OT1","lncRNA, overlapping","miR-223","chr11:2718078","7-mer-m8",1,13,67,0,0,"ncRNA,","hsa-mir-223",1.05441290031732,8.83114064729756,9.7997720998652e-07,2.08312095456151e-06,"Up"
"hsa-mir-223","ENSG00000258492.1","KCNQ1OT1","lncRNA, overlapping","miR-223","chr11:2699442","7-mer-A1",1,9,44,0,0,"ncRNA,","hsa-mir-223",1.05441290031732,8.83114064729756,9.7997720998652e-07,2.08312095456151e-06,"Up"
"hsa-mir-223","ENSG00000258492.1","KCNQ1OT1","lncRNA, overlapping","miR-223","chr11:2711874","7-mer-A1",0,13,67,0,0,"ncRNA,","hsa-mir-223",1.05441290031732,8.83114064729756,9.7997720998652e-07,2.08312095456151e-06,"Up"
"hsa-mir-223","ENSG00000258492.1","KCNQ1OT1","lncRNA, overlapping","miR-223","chr11:2711888","7-mer-A1",0,16,67,4,0,"ncRNA,","hsa-mir-223",1.05441290031732,8.83114064729756,9.7997720998652e-07,2.08312095456151e-06,"Up"
"hsa-mir-301b","ENSG00000130600.9","H19","other","301b","chr11:2017132","7-mer-A1",0,11,56,0,0,"ncRNA,","hsa-mir-301b",1.83627121898089,1.2582559020306,6.95084182921651e-12,3.10790513973014e-11,"Up"
"hsa-mir-301b","ENSG00000130600.9","H19","other","301b","chr11:2016693","7-mer-m8",0,44,78,57,0,"ncRNA,","hsa-mir-301b",1.83627121898089,1.2582559020306,6.95084182921651e-12,3.10790513973014e-11,"Up"
"hsa-mir-301b","ENSG00000230937.3","MIR205HG","other","301b","chr1:209604530","7-mer-m8",0,16,56,9,0,"ncRNA,","hsa-mir-301b",1.83627121898089,1.2582559020306,6.95084182921651e-12,3.10790513973014e-11,"Up"
"hsa-mir-301b","ENSG00000258492.1","KCNQ1OT1","lncRNA, overlapping","301b","chr11:2706689","7-mer-m8",0,2,11,0,0,"ncRNA,","hsa-mir-301b",1.83627121898089,1.2582559020306,6.95084182921651e-12,3.10790513973014e-11,"Up"
"hsa-mir-301b","ENSG00000178947.7","LINC00086","lncRNA, intergenic","301b","chrX:134555978","7-mer-A1",0,2,11,0,0,"ncRNA,","hsa-mir-301b",1.83627121898089,1.2582559020306,6.95084182921651e-12,3.10790513973014e-11,"Up"
"hsa-mir-301b","ENSG00000130600.9","H19","other","301b","chr11:2016707","8-mer",0,49,78,65,0,"ncRNA,","hsa-mir-301b",1.83627121898089,1.2582559020306,6.95084182921651e-12,3.10790513973014e-11,"Up"
"hsa-mir-301b","ENSG00000227640.1","SOX21-AS1","lncRNA, intergenic","301b","chr13:95366219","7-mer-m8",0,31,78,30,0,"ncRNA,","hsa-mir-301b",1.83627121898089,1.2582559020306,6.95084182921651e-12,3.10790513973014e-11,"Up"
"hsa-mir-301b","ENSG00000203645.2","LINC00501","lncRNA, intergenic","301b","chr3:177040741","7-mer-m8",0,11,56,0,0,"ncRNA,","hsa-mir-301b",1.83627121898089,1.2582559020306,6.95084182921651e-12,3.10790513973014e-11,"Up"
"hsa-mir-301b","ENSG00000178947.7","LINC00086","lncRNA, intergenic","301b","chrX:134558568","7-mer-m8",0,7,33,0,0,"ncRNA,","hsa-mir-301b",1.83627121898089,1.2582559020306,6.95084182921651e-12,3.10790513973014e-11,"Up"
"hsa-mir-301b","ENSG00000152931.6","PART1","lncRNA, overlapping","301b","chr5:59843408","7-mer-m8",1,13,67,0,0,"ncRNA,","hsa-mir-301b",1.83627121898089,1.2582559020306,6.95084182921651e-12,3.10790513973014e-11,"Up"
"hsa-mir-301b","ENSG00000203645.2","LINC00501","lncRNA, intergenic","301b","chr3:177039704","7-mer-m8",0,24,78,17,0,"ncRNA,","hsa-mir-301b",1.83627121898089,1.2582559020306,6.95084182921651e-12,3.10790513973014e-11,"Up"
"hsa-mir-363","ENSG00000258492.1","KCNQ1OT1","lncRNA, overlapping","363","chr11:2697272","7-mer-A1",1,9,44,0,0,"ncRNA,","hsa-mir-363",-1.06772839250815,3.28450779750555,8.78636814183454e-08,2.10981309084792e-07,"Down"
"hsa-mir-363","ENSG00000258492.1","KCNQ1OT1","lncRNA, overlapping","363","chr11:2702197","7-mer-m8",0,11,56,0,0,"ncRNA,","hsa-mir-363",-1.06772839250815,3.28450779750555,8.78636814183454e-08,2.10981309084792e-07,"Down"
"hsa-mir-363","ENSG00000223806.2","LINC00114","lncRNA, overlapping","363","chr21:40118307","7-mer-m8",1,2,11,0,0,"ncRNA,","hsa-mir-363",-1.06772839250815,3.28450779750555,8.78636814183454e-08,2.10981309084792e-07,"Down"
"hsa-mir-363","ENSG00000258492.1","KCNQ1OT1","lncRNA, overlapping","363","chr11:2698880","7-mer-A1",0,0,0,0,0,"ncRNA,","hsa-mir-363",-1.06772839250815,3.28450779750555,8.78636814183454e-08,2.10981309084792e-07,"Down"
"hsa-mir-363","ENSG00000152931.6","PART1","lncRNA, overlapping","363","chr5:59843120","7-mer-m8",1,11,56,0,0,"ncRNA,","hsa-mir-363",-1.06772839250815,3.28450779750555,8.78636814183454e-08,2.10981309084792e-07,"Down"
"hsa-mir-363","ENSG00000203645.2","LINC00501","lncRNA, intergenic","363","chr3:177040376","7-mer-m8",0,22,44,26,0,"ncRNA,","hsa-mir-363",-1.06772839250815,3.28450779750555,8.78636814183454e-08,2.10981309084792e-07,"Down"
"hsa-mir-363","ENSG00000258492.1","KCNQ1OT1","lncRNA, overlapping","363","chr11:2697491","7-mer-A1",0,4,22,0,0,"ncRNA,","hsa-mir-363",-1.06772839250815,3.28450779750555,8.78636814183454e-08,2.10981309084792e-07,"Down"
"hsa-mir-363","ENSG00000233610.1","LINC00462","lncRNA, intergenic","363","chr13:49151172","7-mer-A1",1,13,56,4,0,"ncRNA,","hsa-mir-363",-1.06772839250815,3.28450779750555,8.78636814183454e-08,2.10981309084792e-07,"Down"
"hsa-mir-363","ENSG00000258492.1","KCNQ1OT1","lncRNA, overlapping","363","chr11:2701869","7-mer-A1",1,11,56,0,0,"ncRNA,","hsa-mir-363",-1.06772839250815,3.28450779750555,8.78636814183454e-08,2.10981309084792e-07,"Down"
"hsa-mir-372","ENSG00000258492.1","KCNQ1OT1","lncRNA, overlapping","372","chr11:2701382","7-mer-m8",1,7,33,0,0,"ncRNA,","hsa-mir-372",7.87787047186353,5.67504641645783,1.92116911070991e-09,5.88452585878863e-09,"Up"
"hsa-mir-372","ENSG00000228444.1","LMO7-AS1","lncRNA, overlapping","372","chr13:76205418","7-mer-m8",1,11,56,0,0,"ncRNA,","hsa-mir-372",7.87787047186353,5.67504641645783,1.92116911070991e-09,5.88452585878863e-09,"Up"
"hsa-mir-372","ENSG00000227051.4","C14orf132","coding","372","chr14:96554004","7-mer-m8",0,13,67,0,0,"5pUTR,","hsa-mir-372",7.87787047186353,5.67504641645783,1.92116911070991e-09,5.88452585878863e-09,"Up"
"hsa-mir-372","ENSG00000258492.1","KCNQ1OT1","lncRNA, overlapping","372","chr11:2697562","7-mer-m8",0,11,44,4,0,"ncRNA,","hsa-mir-372",7.87787047186353,5.67504641645783,1.92116911070991e-09,5.88452585878863e-09,"Up"
"hsa-mir-372","ENSG00000244124.1","ATP1B3-AS1","lncRNA, overlapping","372","chr3:141637101","7-mer-m8",0,22,67,17,0,"ncRNA,","hsa-mir-372",7.87787047186353,5.67504641645783,1.92116911070991e-09,5.88452585878863e-09,"Up"
"hsa-mir-372","ENSG00000258492.1","KCNQ1OT1","lncRNA, overlapping","372","chr11:2715347","7-mer-m8",0,7,33,0,0,"ncRNA,","hsa-mir-372",7.87787047186353,5.67504641645783,1.92116911070991e-09,5.88452585878863e-09,"Up"
"hsa-mir-372","ENSG00000233610.1","LINC00462","lncRNA, intergenic","372","chr13:49151194","7-mer-m8",1,24,89,13,0,"ncRNA,","hsa-mir-372",7.87787047186353,5.67504641645783,1.92116911070991e-09,5.88452585878863e-09,"Up"
"hsa-mir-372","ENSG00000258492.1","KCNQ1OT1","lncRNA, overlapping","372","chr11:2698739","7-mer-m8",0,18,67,9,0,"ncRNA,","hsa-mir-372",7.87787047186353,5.67504641645783,1.92116911070991e-09,5.88452585878863e-09,"Up"
"hsa-mir-372","ENSG00000226627.1","SHANK2-AS1","lncRNA, overlapping","372","chr11:70480723","7-mer-m8",1,7,33,0,0,"ncRNA,","hsa-mir-372",7.87787047186353,5.67504641645783,1.92116911070991e-09,5.88452585878863e-09,"Up"
"hsa-mir-503","ENSG00000258492.1","KCNQ1OT1","lncRNA, overlapping","miR-503","chr11:2700382","7-mer-m8",0,11,44,4,0,"ncRNA,","hsa-mir-503",1.30494912654021,3.07971225779754,9.75139155664649e-12,4.1231427342777e-11,"Up"
"hsa-mir-503","ENSG00000099869.6","IGF2-AS","coding","miR-503","chr11:2162174","7-mer-m8",0,24,78,17,0,"CDS,","hsa-mir-503",1.30494912654021,3.07971225779754,9.75139155664649e-12,4.1231427342777e-11,"Up"
"hsa-mir-503","ENSG00000227051.4","C14orf132","coding","miR-503","chr14:96505751","7-mer-m8",0,13,22,17,0,"5pUTR,ncRNA,","hsa-mir-503",1.30494912654021,3.07971225779754,9.75139155664649e-12,4.1231427342777e-11,"Up"
"hsa-mir-503","ENSG00000205696.4","ADARB2-AS1","lncRNA, overlapping","miR-503","chr10:1577153","7-mer-m8",0,4,22,0,0,"ncRNA,","hsa-mir-503",1.30494912654021,3.07971225779754,9.75139155664649e-12,4.1231427342777e-11,"Up"
"hsa-mir-503","ENSG00000205696.4","ADARB2-AS1","lncRNA, overlapping","miR-503","chr10:1569066","7-mer-m8",0,11,56,0,0,"ncRNA,","hsa-mir-503",1.30494912654021,3.07971225779754,9.75139155664649e-12,4.1231427342777e-11,"Up"
"hsa-mir-503","ENSG00000196972.5","LINC00087","lncRNA, intergenic","miR-503","chrX:134232529","7-mer-m8",0,24,78,13,8,"ncRNA,","hsa-mir-503",1.30494912654021,3.07971225779754,9.75139155664649e-12,4.1231427342777e-11,"Up"
"hsa-mir-503","ENSG00000227051.4","C14orf132","coding","miR-503","chr14:96557978","7-mer-A1",0,4,22,0,0,"3pUTR,","hsa-mir-503",1.30494912654021,3.07971225779754,9.75139155664649e-12,4.1231427342777e-11,"Up"
"hsa-mir-503","ENSG00000227640.1","SOX21-AS1","lncRNA, intergenic","miR-503","chr13:95365482","7-mer-m8",0,9,44,0,0,"ncRNA,","hsa-mir-503",1.30494912654021,3.07971225779754,9.75139155664649e-12,4.1231427342777e-11,"Up"
"hsa-mir-503","ENSG00000258492.1","KCNQ1OT1","lncRNA, overlapping","miR-503","chr11:2709799","7-mer-A1",0,11,56,0,0,"ncRNA,","hsa-mir-503",1.30494912654021,3.07971225779754,9.75139155664649e-12,4.1231427342777e-11,"Up"
"hsa-mir-503","ENSG00000205696.4","ADARB2-AS1","lncRNA, overlapping","miR-503","chr10:1576859","7-mer-A1",0,13,67,0,0,"ncRNA,","hsa-mir-503",1.30494912654021,3.07971225779754,9.75139155664649e-12,4.1231427342777e-11,"Up"
"hsa-mir-503","ENSG00000227640.1","SOX21-AS1","lncRNA, intergenic","miR-503","chr13:95366463","7-mer-m8",0,4,22,0,0,"ncRNA,","hsa-mir-503",1.30494912654021,3.07971225779754,9.75139155664649e-12,4.1231427342777e-11,"Up"
"hsa-mir-503","ENSG00000178947.7","LINC00086","lncRNA, intergenic","miR-503","chrX:134556191","7-mer-m8",0,22,33,30,0,"ncRNA,","hsa-mir-503",1.30494912654021,3.07971225779754,9.75139155664649e-12,4.1231427342777e-11,"Up"
"hsa-mir-503","ENSG00000178947.7","LINC00086","lncRNA, intergenic","miR-503","chrX:134558475","7-mer-A1",0,18,67,9,0,"ncRNA,","hsa-mir-503",1.30494912654021,3.07971225779754,9.75139155664649e-12,4.1231427342777e-11,"Up"
"hsa-mir-503","ENSG00000227640.1","SOX21-AS1","lncRNA, intergenic","miR-503","chr13:95365094","7-mer-m8",0,9,44,0,0,"ncRNA,","hsa-mir-503",1.30494912654021,3.07971225779754,9.75139155664649e-12,4.1231427342777e-11,"Up"
"hsa-mir-503","ENSG00000177272.7","KCNA3","coding","miR-503","chr1:111217042","7-mer-m8",0,49,78,39,46,"CDS,","hsa-mir-503",1.30494912654021,3.07971225779754,9.75139155664649e-12,4.1231427342777e-11,"Up"
"hsa-mir-508","ENSG00000258492.1","KCNQ1OT1","lncRNA, overlapping","508","chr11:2711531","7-mer-m8",1,9,44,0,0,"ncRNA,","hsa-mir-508",2.59888151025359,3.16720472514342,9.20140463722874e-10,3.00785412090923e-09,"Up"
"hsa-mir-508","ENSG00000223806.2","LINC00114","lncRNA, overlapping","508","chr21:40118298","7-mer-A1",1,2,11,0,0,"ncRNA,","hsa-mir-508",2.59888151025359,3.16720472514342,9.20140463722874e-10,3.00785412090923e-09,"Up"
"hsa-mir-508","ENSG00000227051.4","C14orf132","coding","508","chr14:96555663","7-mer-A1",1,9,44,0,0,"5pUTR,","hsa-mir-508",2.59888151025359,3.16720472514342,9.20140463722874e-10,3.00785412090923e-09,"Up"
"hsa-mir-508","ENSG00000152931.6","PART1","lncRNA, overlapping","508","chr5:59783706","7-mer-A1",0,29,67,30,0,"ncRNA,","hsa-mir-508",2.59888151025359,3.16720472514342,9.20140463722874e-10,3.00785412090923e-09,"Up"
"hsa-mir-551a","ENSG00000258492.1","KCNQ1OT1","lncRNA, overlapping","miR-551a","chr11:2720450","7-mer-A1",0,2,11,0,0,"ncRNA,","hsa-mir-551a",2.00130941156085,0.40904873277844,1.6612913625154e-07,3.8930261446897e-07,"Up"
"hsa-mir-93","ENSG00000258492.1","KCNQ1OT1","lncRNA, overlapping","miR-93","chr11:2697562","7-mer-m8",0,11,44,4,0,"ncRNA,","hsa-mir-93",1.15191198697615,12.4697686787436,3.64075851368245e-13,1.94007542715407e-12,"Up"
"hsa-mir-93","ENSG00000258492.1","KCNQ1OT1","lncRNA, overlapping","miR-93","chr11:2698739","7-mer-m8",0,18,67,9,0,"ncRNA,","hsa-mir-93",1.15191198697615,12.4697686787436,3.64075851368245e-13,1.94007542715407e-12,"Up"
"hsa-mir-93","ENSG00000258492.1","KCNQ1OT1","lncRNA, overlapping","miR-93","chr11:2715347","7-mer-m8",0,7,33,0,0,"ncRNA,","hsa-mir-93",1.15191198697615,12.4697686787436,3.64075851368245e-13,1.94007542715407e-12,"Up"
"hsa-mir-93","ENSG00000228444.1","LMO7-AS1","lncRNA, overlapping","miR-93","chr13:76205418","7-mer-m8",1,11,56,0,0,"ncRNA,","hsa-mir-93",1.15191198697615,12.4697686787436,3.64075851368245e-13,1.94007542715407e-12,"Up"
"hsa-mir-93","ENSG00000227051.4","C14orf132","coding","93","chr14:96557235","7-mer-m8",0,16,67,4,0,"CDS,","hsa-mir-93",1.15191198697615,12.4697686787436,3.64075851368245e-13,1.94007542715407e-12,"Up"
"hsa-mir-93","ENSG00000226627.1","SHANK2-AS1","lncRNA, overlapping","miR-93","chr11:70480723","7-mer-m8",1,7,33,0,0,"ncRNA,","hsa-mir-93",1.15191198697615,12.4697686787436,3.64075851368245e-13,1.94007542715407e-12,"Up"
"hsa-mir-93","ENSG00000228444.1","LMO7-AS1","lncRNA, overlapping","93","chr13:76205417","7-mer-m8",1,11,56,0,0,"ncRNA,","hsa-mir-93",1.15191198697615,12.4697686787436,3.64075851368245e-13,1.94007542715407e-12,"Up"
"hsa-mir-93","ENSG00000258492.1","KCNQ1OT1","lncRNA, overlapping","93","chr11:2700702","7-mer-m8",1,2,11,0,0,"ncRNA,","hsa-mir-93",1.15191198697615,12.4697686787436,3.64075851368245e-13,1.94007542715407e-12,"Up"
"hsa-mir-93","ENSG00000227051.4","C14orf132","coding","miR-93","chr14:96554004","7-mer-m8",0,13,67,0,0,"5pUTR,","hsa-mir-93",1.15191198697615,12.4697686787436,3.64075851368245e-13,1.94007542715407e-12,"Up"
"hsa-mir-93","ENSG00000258492.1","KCNQ1OT1","lncRNA, overlapping","93","chr11:2701381","8-mer",1,7,33,0,0,"ncRNA,","hsa-mir-93",1.15191198697615,12.4697686787436,3.64075851368245e-13,1.94007542715407e-12,"Up"
"hsa-mir-93","ENSG00000233610.1","LINC00462","lncRNA, intergenic","miR-93","chr13:49151194","7-mer-m8",1,24,89,13,0,"ncRNA,","hsa-mir-93",1.15191198697615,12.4697686787436,3.64075851368245e-13,1.94007542715407e-12,"Up"
"hsa-mir-93","ENSG00000244124.1","ATP1B3-AS1","lncRNA, overlapping","miR-93","chr3:141637101","7-mer-m8",0,22,67,17,0,"ncRNA,","hsa-mir-93",1.15191198697615,12.4697686787436,3.64075851368245e-13,1.94007542715407e-12,"Up"
"hsa-mir-93","ENSG00000258492.1","KCNQ1OT1","lncRNA, overlapping","miR-93","chr11:2701382","7-mer-m8",1,7,33,0,0,"ncRNA,","hsa-mir-93",1.15191198697615,12.4697686787436,3.64075851368245e-13,1.94007542715407e-12,"Up"
"hsa-mir-93","ENSG00000130600.9","H19","other","93","chr11:2017146","8-mer",0,13,67,0,0,"ncRNA,","hsa-mir-93",1.15191198697615,12.4697686787436,3.64075851368245e-13,1.94007542715407e-12,"Up"
"hsa-mir-93","ENSG00000258492.1","KCNQ1OT1","lncRNA, overlapping","93","chr11:2700308","7-mer-A1",0,4,11,4,0,"ncRNA,","hsa-mir-93",1.15191198697615,12.4697686787436,3.64075851368245e-13,1.94007542715407e-12,"Up"
"hsa-mir-93","ENSG00000233610.1","LINC00462","lncRNA, intergenic","93","chr13:49151193","7-mer-m8",1,24,89,13,0,"ncRNA,","hsa-mir-93",1.15191198697615,12.4697686787436,3.64075851368245e-13,1.94007542715407e-12,"Up"
"hsa-mir-93","ENSG00000227051.4","C14orf132","coding","93","chr14:96554400","7-mer-A1",0,7,33,0,0,"5pUTR,","hsa-mir-93",1.15191198697615,12.4697686787436,3.64075851368245e-13,1.94007542715407e-12,"Up"
"hsa-mir-93","ENSG00000227051.4","C14orf132","coding","93","chr14:96556496","7-mer-m8",1,9,44,0,0,"5pUTR,","hsa-mir-93",1.15191198697615,12.4697686787436,3.64075851368245e-13,1.94007542715407e-12,"Up"
"hsa-mir-93","ENSG00000226627.1","SHANK2-AS1","lncRNA, overlapping","93","chr11:70480724","7-mer-m8",1,7,33,0,0,"ncRNA,","hsa-mir-93",1.15191198697615,12.4697686787436,3.64075851368245e-13,1.94007542715407e-12,"Up"
"hsa-mir-93","ENSG00000258492.1","KCNQ1OT1","lncRNA, overlapping","93","chr11:2711750","7-mer-m8",0,7,33,0,0,"ncRNA,","hsa-mir-93",1.15191198697615,12.4697686787436,3.64075851368245e-13,1.94007542715407e-12,"Up"
"hsa-mir-93","ENSG00000099869.6","IGF2-AS","coding","93","chr11:2161770","8-mer",0,4,22,0,0,"5pUTR,","hsa-mir-93",1.15191198697615,12.4697686787436,3.64075851368245e-13,1.94007542715407e-12,"Up"
"hsa-mir-93","ENSG00000196972.5","LINC00087","lncRNA, intergenic","93","chrX:134229217","8-mer",0,33,67,39,0,"ncRNA,","hsa-mir-93",1.15191198697615,12.4697686787436,3.64075851368245e-13,1.94007542715407e-12,"Up"
"hsa-mir-96","ENSG00000223806.2","LINC00114","lncRNA, overlapping","miR-96","chr21:40114318","7-mer-A1",0,18,44,17,0,"ncRNA,","hsa-mir-96",1.83212902933435,4.16887154604051,1.89670433681512e-16,1.67685906141155e-15,"Up"
"hsa-mir-96","ENSG00000227528.1","DIAPH3-AS1","lncRNA, overlapping","miR-96","chr13:60586892","7-mer-A1",0,4,22,0,0,"ncRNA,","hsa-mir-96",1.83212902933435,4.16887154604051,1.89670433681512e-16,1.67685906141155e-15,"Up"
"hsa-mir-96","ENSG00000244124.1","ATP1B3-AS1","lncRNA, overlapping","miR-96","chr3:141637837","7-mer-A1",0,9,44,0,0,"ncRNA,","hsa-mir-96",1.83212902933435,4.16887154604051,1.89670433681512e-16,1.67685906141155e-15,"Up"
"hsa-mir-96","ENSG00000227051.4","C14orf132","coding","miR-96","chr14:96517499","7-mer-A1",0,4,22,0,0,"ncRNA,","hsa-mir-96",1.83212902933435,4.16887154604051,1.89670433681512e-16,1.67685906141155e-15,"Up"
"hsa-mir-96","ENSG00000235904.1","RBMS3-AS3","lncRNA, overlapping","miR-96","chr3:29305710","7-mer-A1",0,16,78,0,0,"ncRNA,","hsa-mir-96",1.83212902933435,4.16887154604051,1.89670433681512e-16,1.67685906141155e-15,"Up"
"hsa-mir-96","ENSG00000230876.2","LINC00486","lncRNA, intergenic","miR-96","chr2:33150774","7-mer-A1",0,20,67,13,0,"ncRNA,","hsa-mir-96",1.83212902933435,4.16887154604051,1.89670433681512e-16,1.67685906141155e-15,"Up"
"hsa-mir-96","ENSG00000214049.3","UCA1","lncRNA, intergenic","miR-96","chr19:15940022","8-mer",1,4,22,0,0,"ncRNA,","hsa-mir-96",1.83212902933435,4.16887154604051,1.89670433681512e-16,1.67685906141155e-15,"Up"
"hsa-mir-96","ENSG00000258492.1","KCNQ1OT1","lncRNA, overlapping","miR-96","chr11:2705679","7-mer-A1",0,22,100,4,0,"ncRNA,","hsa-mir-96",1.83212902933435,4.16887154604051,1.89670433681512e-16,1.67685906141155e-15,"Up"
"hsa-mir-96","ENSG00000258492.1","KCNQ1OT1","lncRNA, overlapping","miR-96","chr11:2716663","7-mer-A1",1,18,56,13,0,"ncRNA,","hsa-mir-96",1.83212902933435,4.16887154604051,1.89670433681512e-16,1.67685906141155e-15,"Up"
"hsa-mir-96","ENSG00000258492.1","KCNQ1OT1","lncRNA, overlapping","miR-96","chr11:2706332","8-mer",0,13,44,9,0,"ncRNA,","hsa-mir-96",1.83212902933435,4.16887154604051,1.89670433681512e-16,1.67685906141155e-15,"Up"
"hsa-mir-96","ENSG00000230426.1","ERVMER61-1","lncRNA, overlapping","miR-96","chr1:187612256","7-mer-A1",1,13,67,0,0,"ncRNA,","hsa-mir-96",1.83212902933435,4.16887154604051,1.89670433681512e-16,1.67685906141155e-15,"Up"
"hsa-mir-96","ENSG00000230876.2","LINC00486","lncRNA, intergenic","miR-96","chr2:33151248","7-mer-A1",1,11,56,0,0,"ncRNA,","hsa-mir-96",1.83212902933435,4.16887154604051,1.89670433681512e-16,1.67685906141155e-15,"Up"
